,LR_RelativePx_begin,LR_RelativeV_begin,R_RelativePx_begin,R_RelativeV_begin,RR_RelativePx_begin,RR_RelativeV_begin,RF_RelativePx_begin,RF_RelativeV_begin,F_RelativePx_begin,F_RelativeV_begin,LF_RelativePx_begin,LF_RelativeV_begin,LR_RelativePx_end,LR_RelativeV_end,R_RelativePx_end,R_RelativeV_end,RR_RelativePx_end,RR_RelativeV_end,RF_RelativePx_end,RF_RelativeV_end,F_RelativePx_end,F_RelativeV_end,LF_RelativePx_end,LF_RelativeV_end,NumberOfChangingNeighbours,ego_Variation_orientation,LaneletChanging,ego_velocity_beginning
0,12.050000000000011,-5.620099999999999,40.75,-0.02009999999999934,15.54000000000002,1.2800000000000011,-88.03999999999999,-3.4300999999999995,-76.19999999999999,-5.250099999999998,-16.930000000000007,-8.459899999999998,22.439999999999998,-5.139999999999999,38.49000000000001,2.6906999999999996,11.20999999999998,3.219999999999999,-82.78,-1.4899999999999984,-66.98000000000002,-3.6560999999999986,-1.1399999999999864,-6.779999999999999,0,0.0012999999999996348,0,21.1501
