,LR_RelativePx_begin,LR_RelativeV_begin,R_RelativePx_begin,R_RelativeV_begin,RR_RelativePx_begin,RR_RelativeV_begin,RF_RelativePx_begin,RF_RelativeV_begin,F_RelativePx_begin,F_RelativeV_begin,LF_RelativePx_begin,LF_RelativeV_begin,LR_RelativePx_end,LR_RelativeV_end,R_RelativePx_end,R_RelativeV_end,RR_RelativePx_end,RR_RelativeV_end,RF_RelativePx_end,RF_RelativeV_end,F_RelativePx_end,F_RelativeV_end,LF_RelativePx_end,LF_RelativeV_end,NumberOfChangingNeighbours,ego_Variation_orientation,LaneletChanging,ego_velocity_beginning
0,0.6799999999999784,3.3900000000000006,47.52000000000001,0.7301000000000002,117.21000000000001,-1.2399000000000022,-37.51000000000002,-4.149900000000002,-41.21000000000001,0.4701999999999984,-33.21000000000001,1.9800000000000004,45.66,3.1199000000000012,45.66,0.9699000000000026,119.63999999999999,-1.3299999999999983,-29.180000000000007,-4.280099999999997,-42.349999999999994,0.6299000000000028,-5.780000000000001,3.120000000000001,2,0.0022999999999999687,0,27.03
