,LR_RelativePx_begin,LR_RelativeV_begin,R_RelativePx_begin,R_RelativeV_begin,RR_RelativePx_begin,RR_RelativeV_begin,RF_RelativePx_begin,RF_RelativeV_begin,F_RelativePx_begin,F_RelativeV_begin,LF_RelativePx_begin,LF_RelativeV_begin,LR_RelativePx_end,LR_RelativeV_end,R_RelativePx_end,R_RelativeV_end,RR_RelativePx_end,RR_RelativeV_end,RF_RelativePx_end,RF_RelativeV_end,F_RelativePx_end,F_RelativeV_end,LF_RelativePx_end,LF_RelativeV_end,NumberOfChangingNeighbours,ego_Variation_orientation,LaneletChanging,ego_velocity_beginning
0,29.70999999999998,3.099499999999999,28.50999999999999,-0.2204999999999977,32.870000000000005,-0.44040000000000035,-121.85000000000002,-3.3504000000000005,-36.81999999999999,1.529600000000002,-0.3100000000000023,2.4395000000000024,24.539999999999964,2.0694000000000017,28.869999999999948,0.06980000000000075,34.099999999999966,-0.8604999999999983,-114.72000000000003,-3.8105999999999973,-39.880000000000024,1.4394000000000027,-4.980000000000018,2.3293999999999997,0,-6.2702,0,26.2305
