,LR_RelativePx_begin,LR_RelativeV_begin,R_RelativePx_begin,R_RelativeV_begin,RR_RelativePx_begin,RR_RelativeV_begin,RF_RelativePx_begin,RF_RelativeV_begin,F_RelativePx_begin,F_RelativeV_begin,LF_RelativePx_begin,LF_RelativeV_begin,LR_RelativePx_end,LR_RelativeV_end,R_RelativePx_end,R_RelativeV_end,RR_RelativePx_end,RR_RelativeV_end,RF_RelativePx_end,RF_RelativeV_end,F_RelativePx_end,F_RelativeV_end,LF_RelativePx_end,LF_RelativeV_end,NumberOfChangingNeighbours,ego_Variation_orientation,LaneletChanging,ego_velocity_beginning
0,10.969999999999999,3.810200000000002,24.72999999999999,0.6500000000000021,23.289999999999992,-0.279399999999999,-18.80000000000001,-0.7699999999999996,-29.110000000000014,0.490000000000002,-41.910000000000025,3.4700000000000024,4.560000000000002,2.5501000000000005,24.30000000000001,-0.24989999999999668,24.560000000000002,-0.9192,-16.649999999999977,-1.3599999999999994,-30.339999999999975,0.8500000000000014,-49.42999999999998,3.8000000000000007,0,-0.0019000000000000128,0,25.63
