,LR_RelativePx_begin,LR_RelativeV_begin,R_RelativePx_begin,R_RelativeV_begin,RR_RelativePx_begin,RR_RelativeV_begin,RF_RelativePx_begin,RF_RelativeV_begin,F_RelativePx_begin,F_RelativeV_begin,LF_RelativePx_begin,LF_RelativeV_begin,LR_RelativePx_end,LR_RelativeV_end,R_RelativePx_end,R_RelativeV_end,RR_RelativePx_end,RR_RelativeV_end,RF_RelativePx_end,RF_RelativeV_end,F_RelativePx_end,F_RelativeV_end,LF_RelativePx_end,LF_RelativeV_end,NumberOfChangingNeighbours,ego_Variation_orientation,LaneletChanging,ego_velocity_beginning
0,28.129999999999995,2.8199000000000005,46.22999999999996,-0.06009999999999849,0.15999999999996817,-0.9500999999999991,-55.48000000000002,-0.5094999999999992,-54.04000000000002,0.41990000000000194,-9.640000000000043,0.8900000000000006,23.850000000000023,1.4502000000000024,46.45999999999998,-0.13009999999999877,2.2900000000000205,-1.1599000000000004,-54.27000000000001,-0.5393000000000008,-54.53,0.13000000000000256,-10.879999999999995,0.6100999999999992,0,0.0,0,25.8601
