,LR_RelativePx_begin,LR_RelativeV_begin,R_RelativePx_begin,R_RelativeV_begin,RR_RelativePx_begin,RR_RelativeV_begin,RF_RelativePx_begin,RF_RelativeV_begin,F_RelativePx_begin,F_RelativeV_begin,LF_RelativePx_begin,LF_RelativeV_begin,LR_RelativePx_end,LR_RelativeV_end,R_RelativePx_end,R_RelativeV_end,RR_RelativePx_end,RR_RelativeV_end,RF_RelativePx_end,RF_RelativeV_end,F_RelativePx_end,F_RelativeV_end,LF_RelativePx_end,LF_RelativeV_end,NumberOfChangingNeighbours,ego_Variation_orientation,LaneletChanging,ego_velocity_beginning
0,16.119999999999976,2.719800000000003,28.919999999999987,-0.26019999999999754,39.22999999999999,-1.520199999999999,-96.47000000000001,-4.610199999999999,-44.68000000000001,0.6899000000000015,-17.76000000000002,3.5798000000000023,9.870000000000005,3.3000000000000007,28.960000000000008,0.3500000000000014,42.650000000000006,-1.8599999999999994,-86.97,-4.799899999999997,-45.58,0.2700000000000031,-24.88000000000001,3.4300000000000033,0,0.0038000000000000256,0,26.3802
