,LR_RelativePx_begin,LR_RelativeV_begin,R_RelativePx_begin,R_RelativeV_begin,RR_RelativePx_begin,RR_RelativeV_begin,RF_RelativePx_begin,RF_RelativeV_begin,F_RelativePx_begin,F_RelativeV_begin,LF_RelativePx_begin,LF_RelativeV_begin,LR_RelativePx_end,LR_RelativeV_end,R_RelativePx_end,R_RelativeV_end,RR_RelativePx_end,RR_RelativeV_end,RF_RelativePx_end,RF_RelativeV_end,F_RelativePx_end,F_RelativeV_end,LF_RelativePx_end,LF_RelativeV_end,NumberOfChangingNeighbours,ego_Variation_orientation,LaneletChanging,ego_velocity_beginning
0,14.04000000000002,1.4405000000000001,54.04000000000002,-0.41990000000000194,54.19999999999999,-1.370000000000001,-1.4399999999999977,-0.9294000000000011,-24.72999999999999,-0.6500000000000021,-13.759999999999991,3.1601999999999997,10.460000000000008,2.049999999999997,54.53,-0.13000000000000256,0.2599999999999909,-0.6693000000000033,-40.94999999999999,-1.1101000000000028,-24.30000000000001,0.24989999999999668,-19.74000000000001,2.799999999999997,2,0.0022999999999999687,0,26.28
