,LR_RelativePx_begin,LR_RelativeV_begin,R_RelativePx_begin,R_RelativeV_begin,RR_RelativePx_begin,RR_RelativeV_begin,RF_RelativePx_begin,RF_RelativeV_begin,F_RelativePx_begin,F_RelativeV_begin,LF_RelativePx_begin,LF_RelativeV_begin,LR_RelativePx_end,LR_RelativeV_end,R_RelativePx_end,R_RelativeV_end,RR_RelativePx_end,RR_RelativeV_end,RF_RelativePx_end,RF_RelativeV_end,F_RelativePx_end,F_RelativeV_end,LF_RelativePx_end,LF_RelativeV_end,NumberOfChangingNeighbours,ego_Variation_orientation,LaneletChanging,ego_velocity_beginning
0,27.150000000000006,6.309899999999999,34.06000000000003,1.8698999999999977,22.789999999999992,1.2898999999999994,-20.159999999999997,0.5869999999999997,-38.599999999999994,0.8698999999999977,-7.109999999999985,7.960000000000001,14.930000000000007,5.950000000000003,31.680000000000007,0.6301000000000023,21.189999999999998,0.120000000000001,-20.859999999999985,-0.04159999999999897,-40.28999999999999,0.7201000000000022,-22.409999999999997,7.140000000000001,0,-0.0019000000000000128,0,22.1201
