,LR_RelativePx_begin,LR_RelativeV_begin,R_RelativePx_begin,R_RelativeV_begin,RR_RelativePx_begin,RR_RelativeV_begin,RF_RelativePx_begin,RF_RelativeV_begin,F_RelativePx_begin,F_RelativeV_begin,LF_RelativePx_begin,LF_RelativeV_begin,LR_RelativePx_end,LR_RelativeV_end,R_RelativePx_end,R_RelativeV_end,RR_RelativePx_end,RR_RelativeV_end,RF_RelativePx_end,RF_RelativeV_end,F_RelativePx_end,F_RelativeV_end,LF_RelativePx_end,LF_RelativeV_end,NumberOfChangingNeighbours,ego_Variation_orientation,LaneletChanging,ego_velocity_beginning
0,31.49000000000001,7.090100000000003,38.599999999999994,-0.8698999999999977,18.439999999999998,-0.28289999999999793,-14.919999999999987,1.0700000000000003,-17.549999999999983,0.46050000000000324,-3.6599999999999966,7.370000000000001,17.879999999999995,6.419899999999998,40.28999999999999,-0.7201000000000022,19.430000000000007,-0.7617000000000012,-16.370000000000005,0.30989999999999895,-18.210000000000008,0.10999999999999943,-17.379999999999995,6.399899999999999,0,-6.2798,0,22.99
