,LR_RelativePx_begin,LR_RelativeV_begin,R_RelativePx_begin,R_RelativeV_begin,RR_RelativePx_begin,RR_RelativeV_begin,RF_RelativePx_begin,RF_RelativeV_begin,F_RelativePx_begin,F_RelativeV_begin,LF_RelativePx_begin,LF_RelativeV_begin,LR_RelativePx_end,LR_RelativeV_end,R_RelativePx_end,R_RelativeV_end,RR_RelativePx_end,RR_RelativeV_end,RF_RelativePx_end,RF_RelativeV_end,F_RelativePx_end,F_RelativeV_end,LF_RelativePx_end,LF_RelativeV_end,NumberOfChangingNeighbours,ego_Variation_orientation,LaneletChanging,ego_velocity_beginning
0,4.050000000000011,5.219900000000003,33.90999999999997,1.0101000000000013,67.67000000000002,1.3704999999999998,-55.47000000000003,-0.8100999999999985,-44.19999999999999,-0.2301000000000002,-51.110000000000014,4.209900000000001,20.309999999999945,5.240000000000002,32.16999999999996,0.6502000000000017,65.21999999999997,1.0199999999999996,-53.77000000000004,-0.9499999999999993,-43.28000000000003,-0.43989999999999796,-5.78000000000003,4.690100000000001,2,-0.0017000000000000348,0,24.2201
