,LR_RelativePx_begin,LR_RelativeV_begin,R_RelativePx_begin,R_RelativeV_begin,RR_RelativePx_begin,RR_RelativeV_begin,RF_RelativePx_begin,RF_RelativeV_begin,F_RelativePx_begin,F_RelativeV_begin,LF_RelativePx_begin,LF_RelativeV_begin,LR_RelativePx_end,LR_RelativeV_end,R_RelativePx_end,R_RelativeV_end,RR_RelativePx_end,RR_RelativeV_end,RF_RelativePx_end,RF_RelativeV_end,F_RelativePx_end,F_RelativeV_end,LF_RelativePx_end,LF_RelativeV_end,NumberOfChangingNeighbours,ego_Variation_orientation,LaneletChanging,ego_velocity_beginning
0,10.780000000000001,2.0300999999999974,54.52999999999997,-0.1399000000000008,0.12999999999999545,-0.6990000000000016,-41.170000000000016,-1.1300000000000026,-24.25999999999999,0.18999999999999773,-19.319999999999993,2.8299999999999983,6.6299999999999955,2.030199999999997,54.56999999999999,0.13999999999999702,1.1800000000000068,-0.360000000000003,-38.959999999999994,-1.1700000000000017,-25.19999999999999,0.7099999999999973,-24.569999999999993,2.7301,0,-0.001100000000000101,0,25.85
