,LR_RelativePx_begin,LR_RelativeV_begin,R_RelativePx_begin,R_RelativeV_begin,RR_RelativePx_begin,RR_RelativeV_begin,RF_RelativePx_begin,RF_RelativeV_begin,F_RelativePx_begin,F_RelativeV_begin,LF_RelativePx_begin,LF_RelativeV_begin,LR_RelativePx_end,LR_RelativeV_end,R_RelativePx_end,R_RelativeV_end,RR_RelativePx_end,RR_RelativeV_end,RF_RelativePx_end,RF_RelativeV_end,F_RelativePx_end,F_RelativeV_end,LF_RelativePx_end,LF_RelativeV_end,NumberOfChangingNeighbours,ego_Variation_orientation,LaneletChanging,ego_velocity_beginning
0,24.04000000000002,1.5600999999999985,46.39000000000004,-0.13010000000000232,2.0600000000000023,-1.1298999999999992,-54.39999999999998,-0.5591000000000008,-54.52999999999997,0.1399000000000008,-10.829999999999984,0.600200000000001,22.450000000000017,0.17010000000000147,46.79000000000002,-0.019999999999999574,4.780000000000001,-1.729899999999997,-53.389999999999986,-0.5,-54.56999999999999,-0.13999999999999702,-12.069999999999993,0.5802000000000014,0,6.2793,0,25.7101
