,LR_RelativePx_begin,LR_RelativeV_begin,R_RelativePx_begin,R_RelativeV_begin,RR_RelativePx_begin,RR_RelativeV_begin,RF_RelativePx_begin,RF_RelativeV_begin,F_RelativePx_begin,F_RelativeV_begin,LF_RelativePx_begin,LF_RelativeV_begin,LR_RelativePx_end,LR_RelativeV_end,R_RelativePx_end,R_RelativeV_end,RR_RelativePx_end,RR_RelativeV_end,RF_RelativePx_end,RF_RelativeV_end,F_RelativePx_end,F_RelativeV_end,LF_RelativePx_end,LF_RelativeV_end,NumberOfChangingNeighbours,ego_Variation_orientation,LaneletChanging,ego_velocity_beginning
0,54.95999999999998,3.259900000000002,26.95999999999998,-0.28030000000000044,5.170000000000016,-0.8902999999999999,-143.89,-3.840399999999999,-28.889999999999986,-0.04980000000000118,-4.159999999999968,2.0595999999999997,48.660000000000025,3.3801000000000023,28.04000000000002,-0.560299999999998,7.639999999999986,-1.2103000000000002,-135.45,-4.2601999999999975,-28.389999999999986,-0.08999999999999986,-7.300000000000011,1.5997000000000021,0,-0.000700000000000145,0,26.3004
