,LR_RelativePx_begin,LR_RelativeV_begin,R_RelativePx_begin,R_RelativeV_begin,RR_RelativePx_begin,RR_RelativeV_begin,RF_RelativePx_begin,RF_RelativeV_begin,F_RelativePx_begin,F_RelativeV_begin,LF_RelativePx_begin,LF_RelativeV_begin,LR_RelativePx_end,LR_RelativeV_end,R_RelativePx_end,R_RelativeV_end,RR_RelativePx_end,RR_RelativeV_end,RF_RelativePx_end,RF_RelativeV_end,F_RelativePx_end,F_RelativeV_end,LF_RelativePx_end,LF_RelativeV_end,NumberOfChangingNeighbours,ego_Variation_orientation,LaneletChanging,ego_velocity_beginning
0,45.920000000000016,3.1199000000000012,45.74000000000001,0.9599000000000011,119.54000000000002,-1.3200000000000003,-29.519999999999982,-4.270099999999999,-42.31,0.6199000000000012,-5.539999999999992,3.120000000000001,40.079999999999984,2.8001000000000005,44.109999999999985,0.6000000000000014,122.52999999999997,-1.6900000000000013,-20.560000000000002,-4.739899999999999,-43.420000000000016,0.39000000000000057,-11.590000000000003,2.8805000000000014,0,-0.0019000000000000128,0,26.7301
