,LR_RelativePx_begin,LR_RelativeV_begin,R_RelativePx_begin,R_RelativeV_begin,RR_RelativePx_begin,RR_RelativeV_begin,RF_RelativePx_begin,RF_RelativeV_begin,F_RelativePx_begin,F_RelativeV_begin,LF_RelativePx_begin,LF_RelativeV_begin,LR_RelativePx_end,LR_RelativeV_end,R_RelativePx_end,R_RelativeV_end,RR_RelativePx_end,RR_RelativeV_end,RF_RelativePx_end,RF_RelativeV_end,F_RelativePx_end,F_RelativeV_end,LF_RelativePx_end,LF_RelativeV_end,NumberOfChangingNeighbours,ego_Variation_orientation,LaneletChanging,ego_velocity_beginning
0,10.360000000000014,7.490100000000002,20.82000000000005,0.7300000000000004,47.43000000000001,1.1799999999999997,-27.379999999999995,1.1105000000000018,-17.67999999999995,-0.25989999999999824,-37.77999999999997,7.780000000000001,28.58000000000004,7.5288,19.660000000000025,0.2886999999999986,45.04000000000002,1.2186999999999983,-30.22999999999999,1.6189999999999998,-17.809999999999974,0.33869999999999933,-5.419999999999959,8.198699999999999,2,-0.009399999999999853,0,22.81
