,LR_RelativePx_begin,LR_RelativeV_begin,R_RelativePx_begin,R_RelativeV_begin,RR_RelativePx_begin,RR_RelativeV_begin,RF_RelativePx_begin,RF_RelativeV_begin,F_RelativePx_begin,F_RelativeV_begin,LF_RelativePx_begin,LF_RelativeV_begin,LR_RelativePx_end,LR_RelativeV_end,R_RelativePx_end,R_RelativeV_end,RR_RelativePx_end,RR_RelativeV_end,RF_RelativePx_end,RF_RelativeV_end,F_RelativePx_end,F_RelativeV_end,LF_RelativePx_end,LF_RelativeV_end,NumberOfChangingNeighbours,ego_Variation_orientation,LaneletChanging,ego_velocity_beginning
0,22.45999999999998,6.450100000000003,41.60999999999996,1.5399999999999991,26.609999999999957,0.4499999999999993,-48.200000000000045,0.3805000000000014,-20.82000000000005,-0.7300000000000004,-10.460000000000036,6.760100000000001,8.920000000000016,7.240100000000002,38.49000000000001,1.879999999999999,25.379999999999995,0.9299999999999997,-49.890000000000015,1.3303000000000011,-19.660000000000025,-0.2886999999999986,-25.079999999999984,7.91,0,-0.0009000000000001229,0,23.54
