,LR_RelativePx_begin,LR_RelativeV_begin,R_RelativePx_begin,R_RelativeV_begin,RR_RelativePx_begin,RR_RelativeV_begin,RF_RelativePx_begin,RF_RelativeV_begin,F_RelativePx_begin,F_RelativeV_begin,LF_RelativePx_begin,LF_RelativeV_begin,LR_RelativePx_end,LR_RelativeV_end,R_RelativePx_end,R_RelativeV_end,RR_RelativePx_end,RR_RelativeV_end,RF_RelativePx_end,RF_RelativeV_end,F_RelativePx_end,F_RelativeV_end,LF_RelativePx_end,LF_RelativeV_end,NumberOfChangingNeighbours,ego_Variation_orientation,LaneletChanging,ego_velocity_beginning
0,28.039999999999964,7.75,17.67999999999995,0.25989999999999824,65.10999999999996,1.439899999999998,-9.700000000000045,1.3704,-15.629999999999995,0.4698999999999991,-20.100000000000023,8.0399,12.390000000000015,7.859999999999999,17.809999999999974,-0.33869999999999933,62.849999999999994,0.879999999999999,-12.420000000000016,1.2803000000000004,-16.590000000000003,0.45009999999999906,-34.96000000000001,6.989999999999998,0,-0.0036000000000000476,0,22.5501
