,LR_RelativePx_begin,LR_RelativeV_begin,R_RelativePx_begin,R_RelativeV_begin,RR_RelativePx_begin,RR_RelativeV_begin,RF_RelativePx_begin,RF_RelativeV_begin,F_RelativePx_begin,F_RelativeV_begin,LF_RelativePx_begin,LF_RelativeV_begin,LR_RelativePx_end,LR_RelativeV_end,R_RelativePx_end,R_RelativeV_end,RR_RelativePx_end,RR_RelativeV_end,RF_RelativePx_end,RF_RelativeV_end,F_RelativePx_end,F_RelativeV_end,LF_RelativePx_end,LF_RelativeV_end,NumberOfChangingNeighbours,ego_Variation_orientation,LaneletChanging,ego_velocity_beginning
0,23.360000000000014,7.799899999999997,36.24000000000001,-0.36999999999999744,62.45999999999998,-0.07010000000000005,-6.3799999999999955,-0.7400999999999982,-77.51000000000002,7.619899999999998,-28.50999999999999,9.400299999999998,7.539999999999992,8.119899999999998,36.609999999999985,-0.019899999999999807,62.66,-0.17009999999999792,-4.930000000000007,-0.7400999999999982,-92.49000000000001,7.5000000000000036,-47.66,9.809999999999999,0,-0.00040000000000040004,0,24.8601
