,LR_RelativePx_begin,LR_RelativeV_begin,R_RelativePx_begin,R_RelativeV_begin,RR_RelativePx_begin,RR_RelativeV_begin,RF_RelativePx_begin,RF_RelativeV_begin,F_RelativePx_begin,F_RelativeV_begin,LF_RelativePx_begin,LF_RelativeV_begin,LR_RelativePx_end,LR_RelativeV_end,R_RelativePx_end,R_RelativeV_end,RR_RelativePx_end,RR_RelativeV_end,RF_RelativePx_end,RF_RelativeV_end,F_RelativePx_end,F_RelativeV_end,LF_RelativePx_end,LF_RelativeV_end,NumberOfChangingNeighbours,ego_Variation_orientation,LaneletChanging,ego_velocity_beginning
0,21.22999999999996,8.6099,-10000.0,-10000.0,26.21999999999997,0.2998999999999974,-42.620000000000005,-0.37010000000000076,-36.24000000000001,0.36999999999999744,-12.879999999999995,8.169899999999995,4.53000000000003,7.8797999999999995,70.63999999999999,3.1898000000000017,26.05000000000001,-0.1501999999999981,-41.53999999999999,-0.7201999999999984,-36.609999999999985,0.019899999999999807,-29.069999999999993,8.139799999999997,1,0.0011999999999998678,0,24.4901
