,LR_RelativePx_begin,LR_RelativeV_begin,R_RelativePx_begin,R_RelativeV_begin,RR_RelativePx_begin,RR_RelativeV_begin,RF_RelativePx_begin,RF_RelativeV_begin,F_RelativePx_begin,F_RelativeV_begin,LF_RelativePx_begin,LF_RelativeV_begin,LR_RelativePx_end,LR_RelativeV_end,R_RelativePx_end,R_RelativeV_end,RR_RelativePx_end,RR_RelativeV_end,RF_RelativePx_end,RF_RelativeV_end,F_RelativePx_end,F_RelativeV_end,LF_RelativePx_end,LF_RelativeV_end,NumberOfChangingNeighbours,ego_Variation_orientation,LaneletChanging,ego_velocity_beginning
0,11.25,0.13980000000000103,23.74000000000001,0.7700000000000014,18.07000000000002,-0.04019999999999868,-26.75,1.1709000000000014,-13.20999999999998,0.44009999999999927,-12.469999999999999,0.5298999999999996,10.670000000000016,0.35050000000000026,22.620000000000005,0.40970000000000084,17.700000000000017,0.34020000000000117,-28.69999999999999,0.8797999999999995,-14.379999999999995,0.889800000000001,-12.780000000000001,-0.1700999999999997,0,0.0026999999999999247,0,15.7602
