,LR_RelativePx_begin,LR_RelativeV_begin,R_RelativePx_begin,R_RelativeV_begin,RR_RelativePx_begin,RR_RelativeV_begin,RF_RelativePx_begin,RF_RelativeV_begin,F_RelativePx_begin,F_RelativeV_begin,LF_RelativePx_begin,LF_RelativeV_begin,LR_RelativePx_end,LR_RelativeV_end,R_RelativePx_end,R_RelativeV_end,RR_RelativePx_end,RR_RelativeV_end,RF_RelativePx_end,RF_RelativeV_end,F_RelativePx_end,F_RelativeV_end,LF_RelativePx_end,LF_RelativeV_end,NumberOfChangingNeighbours,ego_Variation_orientation,LaneletChanging,ego_velocity_beginning
0,25.059999999999945,2.329699999999999,30.559999999999945,0.15960000000000107,10.039999999999964,-0.4903999999999993,-70.86000000000001,-0.08039999999999914,-65.19000000000003,0.7298000000000009,-11.82000000000005,3.229700000000001,20.610000000000014,2.0901999999999994,30.360000000000014,-0.17999999999999972,11.550000000000011,-1.0297,-70.79999999999998,-0.15939999999999976,-65.88,-0.08990000000000009,-17.75999999999999,2.6300999999999988,0,0.005700000000000038,0,15.8004
