,LR_RelativePx_begin,LR_RelativeV_begin,R_RelativePx_begin,R_RelativeV_begin,RR_RelativePx_begin,RR_RelativeV_begin,RF_RelativePx_begin,RF_RelativeV_begin,F_RelativePx_begin,F_RelativeV_begin,LF_RelativePx_begin,LF_RelativeV_begin,LR_RelativePx_end,LR_RelativeV_end,R_RelativePx_end,R_RelativeV_end,RR_RelativePx_end,RR_RelativeV_end,RF_RelativePx_end,RF_RelativeV_end,F_RelativePx_end,F_RelativeV_end,LF_RelativePx_end,LF_RelativeV_end,NumberOfChangingNeighbours,ego_Variation_orientation,LaneletChanging,ego_velocity_beginning
0,1.6500000000000057,-1.3698000000000015,26.26000000000002,-0.309700000000003,12.719999999999999,0.42109999999999914,-16.72999999999999,-0.07150000000000034,-40.269999999999996,-0.7700000000000014,-13.590000000000003,-1.1500000000000021,5.390000000000001,-1.8196999999999992,27.47,-0.6999999999999993,13.150000000000006,-0.7100000000000009,-15.810000000000002,-0.7288999999999994,-40.120000000000005,0.759800000000002,-11.64,-0.6401000000000003,0,0.0035000000000002807,0,16.51
