,LR_RelativePx_begin,LR_RelativeV_begin,R_RelativePx_begin,R_RelativeV_begin,RR_RelativePx_begin,RR_RelativeV_begin,RF_RelativePx_begin,RF_RelativeV_begin,F_RelativePx_begin,F_RelativeV_begin,LF_RelativePx_begin,LF_RelativeV_begin,LR_RelativePx_end,LR_RelativeV_end,R_RelativePx_end,R_RelativeV_end,RR_RelativePx_end,RR_RelativeV_end,RF_RelativePx_end,RF_RelativeV_end,F_RelativePx_end,F_RelativeV_end,LF_RelativePx_end,LF_RelativeV_end,NumberOfChangingNeighbours,ego_Variation_orientation,LaneletChanging,ego_velocity_beginning
0,18.650000000000034,1.5299999999999976,41.82000000000005,2.0200999999999993,15.550000000000011,-1.0199000000000016,-20.519999999999982,-0.6500000000000004,-30.559999999999945,-0.15960000000000107,-5.5,2.170099999999998,15.45999999999998,1.8900000000000006,39.610000000000014,0.7300000000000004,18.170000000000016,-1.5297999999999998,-18.810000000000002,-0.8497000000000003,-30.360000000000014,0.17999999999999972,-9.75,2.270199999999999,0,0.0005999999999999339,0,15.96
