,LR_RelativePx_begin,LR_RelativeV_begin,R_RelativePx_begin,R_RelativeV_begin,RR_RelativePx_begin,RR_RelativeV_begin,RF_RelativePx_begin,RF_RelativeV_begin,F_RelativePx_begin,F_RelativeV_begin,LF_RelativePx_begin,LF_RelativeV_begin,LR_RelativePx_end,LR_RelativeV_end,R_RelativePx_end,R_RelativeV_end,RR_RelativePx_end,RR_RelativeV_end,RF_RelativePx_end,RF_RelativeV_end,F_RelativePx_end,F_RelativeV_end,LF_RelativePx_end,LF_RelativeV_end,NumberOfChangingNeighbours,ego_Variation_orientation,LaneletChanging,ego_velocity_beginning
0,8.549999999999997,1.1399999999999988,40.269999999999996,0.7700000000000014,2.5600000000000023,-0.33000000000000007,-14.5,1.17,-18.189999999999998,0.9700000000000006,-16.840000000000003,0.45000000000000107,8.290000000000006,-0.7499000000000002,40.120000000000005,-0.759800000000002,4.780000000000001,-1.8500000000000014,-15.099999999999994,-0.4200000000000017,-18.689999999999998,-0.46990000000000265,-16.809999999999995,-0.33000000000000185,0,-0.00019999999999997797,0,15.74
