,LR_RelativePx_begin,LR_RelativeV_begin,R_RelativePx_begin,R_RelativeV_begin,RR_RelativePx_begin,RR_RelativeV_begin,RF_RelativePx_begin,RF_RelativeV_begin,F_RelativePx_begin,F_RelativeV_begin,LF_RelativePx_begin,LF_RelativeV_begin,LR_RelativePx_end,LR_RelativeV_end,R_RelativePx_end,R_RelativeV_end,RR_RelativePx_end,RR_RelativeV_end,RF_RelativePx_end,RF_RelativeV_end,F_RelativePx_end,F_RelativeV_end,LF_RelativePx_end,LF_RelativeV_end,NumberOfChangingNeighbours,ego_Variation_orientation,LaneletChanging,ego_velocity_beginning
0,18.80000000000001,0.6399999999999988,13.530000000000001,1.0298999999999996,5.640000000000015,2.6298999999999975,-14.20999999999998,1.8299000000000003,-12.349999999999994,-0.6000000000000014,-5.829999999999984,0.27999999999999936,17.25,0.7098000000000013,11.150000000000006,1.4472000000000005,0.3199999999999932,2.5999,-18.24000000000001,2.1298000000000012,-11.240000000000009,-0.2900999999999989,-7.319999999999993,1.290000000000001,0,0.0009000000000001229,0,15.2001
