,LR_RelativePx_begin,LR_RelativeV_begin,R_RelativePx_begin,R_RelativeV_begin,RR_RelativePx_begin,RR_RelativeV_begin,RF_RelativePx_begin,RF_RelativeV_begin,F_RelativePx_begin,F_RelativeV_begin,LF_RelativePx_begin,LF_RelativeV_begin,LR_RelativePx_end,LR_RelativeV_end,R_RelativePx_end,R_RelativeV_end,RR_RelativePx_end,RR_RelativeV_end,RF_RelativePx_end,RF_RelativeV_end,F_RelativePx_end,F_RelativeV_end,LF_RelativePx_end,LF_RelativeV_end,NumberOfChangingNeighbours,ego_Variation_orientation,LaneletChanging,ego_velocity_beginning
0,4.979999999999961,-0.8400999999999996,26.129999999999995,-0.7400999999999982,3.5399999999999636,-3.6800999999999995,-27.49000000000001,-1.3599999999999994,-17.420000000000016,-1.190100000000001,-22.160000000000025,-2.330099999999998,7.039999999999964,-1.1799999999999997,27.310000000000002,-0.3399000000000001,10.579999999999984,-3.0199,-24.960000000000036,-1.079900000000002,-15.03000000000003,-1.129999999999999,-17.310000000000002,-2.4299999999999997,0,6.2791,0,20.0001
