,LR_RelativePx_begin,LR_RelativeV_begin,R_RelativePx_begin,R_RelativeV_begin,RR_RelativePx_begin,RR_RelativeV_begin,RF_RelativePx_begin,RF_RelativeV_begin,F_RelativePx_begin,F_RelativeV_begin,LF_RelativePx_begin,LF_RelativeV_begin,LR_RelativePx_end,LR_RelativeV_end,R_RelativePx_end,R_RelativeV_end,RR_RelativePx_end,RR_RelativeV_end,RF_RelativePx_end,RF_RelativeV_end,F_RelativePx_end,F_RelativeV_end,LF_RelativePx_end,LF_RelativeV_end,NumberOfChangingNeighbours,ego_Variation_orientation,LaneletChanging,ego_velocity_beginning
0,22.399999999999977,0.3500000000000014,17.420000000000016,1.190100000000001,20.95999999999998,-2.4899999999999984,-10.069999999999993,-0.16989999999999839,-34.68000000000001,-1.9599999999999973,-4.740000000000009,-1.139999999999997,22.069999999999993,-0.05000000000000071,15.03000000000003,1.129999999999999,25.610000000000014,-1.8899000000000008,-9.930000000000007,0.050099999999996925,-31.019999999999982,-1.6300000000000026,-2.2799999999999727,-1.3000000000000007,0,0.0015000000000000568,0,18.81
