,LR_RelativePx_begin,LR_RelativeV_begin,R_RelativePx_begin,R_RelativeV_begin,RR_RelativePx_begin,RR_RelativeV_begin,RF_RelativePx_begin,RF_RelativeV_begin,F_RelativePx_begin,F_RelativeV_begin,LF_RelativePx_begin,LF_RelativeV_begin,LR_RelativePx_end,LR_RelativeV_end,R_RelativePx_end,R_RelativeV_end,RR_RelativePx_end,RR_RelativeV_end,RF_RelativePx_end,RF_RelativeV_end,F_RelativePx_end,F_RelativeV_end,LF_RelativePx_end,LF_RelativeV_end,NumberOfChangingNeighbours,ego_Variation_orientation,LaneletChanging,ego_velocity_beginning
0,5.27000000000001,-0.3899000000000008,26.390000000000015,0.509999999999998,66.14000000000001,2.4101,-7.889999999999986,1.5999999999999979,-13.530000000000001,-1.0298999999999996,-19.359999999999985,-0.7499000000000002,6.099999999999994,-0.7373999999999992,25.120000000000005,0.4025999999999996,61.369999999999976,2.1026999999999987,-10.830000000000013,1.1526999999999994,-11.150000000000006,-1.4472000000000005,-18.47,-0.15719999999999956,0,6.2242999999999995,0,16.23
