,LR_RelativePx_begin,LR_RelativeV_begin,R_RelativePx_begin,R_RelativeV_begin,RR_RelativePx_begin,RR_RelativeV_begin,RF_RelativePx_begin,RF_RelativeV_begin,F_RelativePx_begin,F_RelativeV_begin,LF_RelativePx_begin,LF_RelativeV_begin,LR_RelativePx_end,LR_RelativeV_end,R_RelativePx_end,R_RelativeV_end,RR_RelativePx_end,RR_RelativeV_end,RF_RelativePx_end,RF_RelativeV_end,F_RelativePx_end,F_RelativeV_end,LF_RelativePx_end,LF_RelativeV_end,NumberOfChangingNeighbours,ego_Variation_orientation,LaneletChanging,ego_velocity_beginning
0,22.650000000000006,0.7599999999999998,16.129999999999995,-0.120000000000001,14.27000000000001,2.3099000000000007,-2.8600000000000136,2.1805000000000003,-21.80000000000001,0.8698999999999995,-5.27000000000001,0.6198999999999995,21.680000000000007,0.5000999999999998,17.75999999999999,-1.08,10.759999999999991,1.3399,-6.219999999999999,1.4502999999999986,-23.569999999999993,0.9799000000000007,-5.810000000000002,0.00019999999999953388,0,-9.999999999976694e-05,0,14.7201
