,LR_RelativePx_begin,LR_RelativeV_begin,R_RelativePx_begin,R_RelativeV_begin,RR_RelativePx_begin,RR_RelativeV_begin,RF_RelativePx_begin,RF_RelativeV_begin,F_RelativePx_begin,F_RelativeV_begin,LF_RelativePx_begin,LF_RelativeV_begin,LR_RelativePx_end,LR_RelativeV_end,R_RelativePx_end,R_RelativeV_end,RR_RelativePx_end,RR_RelativeV_end,RF_RelativePx_end,RF_RelativeV_end,F_RelativePx_end,F_RelativeV_end,LF_RelativePx_end,LF_RelativeV_end,NumberOfChangingNeighbours,ego_Variation_orientation,LaneletChanging,ego_velocity_beginning
0,4.699999999999989,0.2698999999999998,22.269999999999982,-1.0101000000000013,41.20999999999998,0.30049999999999955,-6.090000000000003,-1.3901000000000003,-38.400000000000006,0.5899999999999999,-21.060000000000002,1.4099000000000004,3.180000000000007,1.1697999999999986,24.13000000000001,-0.7701999999999991,41.480000000000004,-0.2998000000000012,-2.539999999999992,-1.7500999999999998,-39.709999999999994,0.8097999999999992,-24.349999999999994,1.8899000000000008,0,-6.2749,0,16.6001
