,LR_RelativePx_begin,LR_RelativeV_begin,R_RelativePx_begin,R_RelativeV_begin,RR_RelativePx_begin,RR_RelativeV_begin,RF_RelativePx_begin,RF_RelativeV_begin,F_RelativePx_begin,F_RelativeV_begin,LF_RelativePx_begin,LF_RelativeV_begin,LR_RelativePx_end,LR_RelativeV_end,R_RelativePx_end,R_RelativeV_end,RR_RelativePx_end,RR_RelativeV_end,RF_RelativePx_end,RF_RelativeV_end,F_RelativePx_end,F_RelativeV_end,LF_RelativePx_end,LF_RelativeV_end,NumberOfChangingNeighbours,ego_Variation_orientation,LaneletChanging,ego_velocity_beginning
0,5.090000000000032,1.0701,34.68000000000001,1.9599999999999973,24.610000000000014,1.790099999999999,-49.41999999999999,0.9799999999999969,-15.139999999999986,-0.11000000000000298,-17.24000000000001,0.05999999999999872,2.8799999999999955,0.9800000000000004,31.019999999999982,1.6300000000000026,21.089999999999975,1.6800999999999995,-51.110000000000014,0.7301000000000002,-15.159999999999997,-0.019999999999999574,-17.370000000000005,0.030400000000000205,0,-6.2808,0,16.85
