,LR_RelativePx_begin,LR_RelativeV_begin,R_RelativePx_begin,R_RelativeV_begin,RR_RelativePx_begin,RR_RelativeV_begin,RF_RelativePx_begin,RF_RelativeV_begin,F_RelativePx_begin,F_RelativeV_begin,LF_RelativePx_begin,LF_RelativeV_begin,LR_RelativePx_end,LR_RelativeV_end,R_RelativePx_end,R_RelativeV_end,RR_RelativePx_end,RR_RelativeV_end,RF_RelativePx_end,RF_RelativeV_end,F_RelativePx_end,F_RelativeV_end,LF_RelativePx_end,LF_RelativeV_end,NumberOfChangingNeighbours,ego_Variation_orientation,LaneletChanging,ego_velocity_beginning
0,0.3200000000000216,0.2699999999999996,21.80000000000001,-0.8698999999999995,18.939999999999998,1.3106000000000009,-28.359999999999985,-0.379999999999999,-22.269999999999982,1.0101000000000013,-17.569999999999993,1.2800000000000011,17.75999999999999,-0.9797000000000011,23.569999999999993,-0.9799000000000007,17.349999999999994,0.47039999999999793,-26.67,-0.9799000000000007,-24.13000000000001,0.7701999999999991,-0.950000000000017,1.4699999999999989,2,6.2832,0,15.59
