,LR_RelativePx_begin,LR_RelativeV_begin,R_RelativePx_begin,R_RelativeV_begin,RR_RelativePx_begin,RR_RelativeV_begin,RF_RelativePx_begin,RF_RelativeV_begin,F_RelativePx_begin,F_RelativeV_begin,LF_RelativePx_begin,LF_RelativeV_begin,LR_RelativePx_end,LR_RelativeV_end,R_RelativePx_end,R_RelativeV_end,RR_RelativePx_end,RR_RelativeV_end,RF_RelativePx_end,RF_RelativeV_end,F_RelativePx_end,F_RelativeV_end,LF_RelativePx_end,LF_RelativeV_end,NumberOfChangingNeighbours,ego_Variation_orientation,LaneletChanging,ego_velocity_beginning
0,11.110000000000014,6.290099999999999,27.55000000000001,-0.47020000000000195,-10000.0,-10000.0,-14.289999999999964,2.4098000000000006,-32.589999999999975,1.189899999999998,-35.74000000000001,5.1297999999999995,36.079999999999984,6.5798999999999985,29.22999999999996,-1.2101000000000006,111.73999999999995,0.19989999999999952,-18.670000000000016,1.9498999999999995,-34.62000000000003,0.7499000000000002,-0.28000000000002956,5.0699000000000005,3,6.2768999999999995,0,23.7102
