,LR_RelativePx_begin,LR_RelativeV_begin,R_RelativePx_begin,R_RelativeV_begin,RR_RelativePx_begin,RR_RelativeV_begin,RF_RelativePx_begin,RF_RelativeV_begin,F_RelativePx_begin,F_RelativeV_begin,LF_RelativePx_begin,LF_RelativeV_begin,LR_RelativePx_end,LR_RelativeV_end,R_RelativePx_end,R_RelativeV_end,RR_RelativePx_end,RR_RelativeV_end,RF_RelativePx_end,RF_RelativeV_end,F_RelativePx_end,F_RelativeV_end,LF_RelativePx_end,LF_RelativeV_end,NumberOfChangingNeighbours,ego_Variation_orientation,LaneletChanging,ego_velocity_beginning
0,22.439999999999998,-0.03999999999999915,46.74000000000001,0.14010000000000034,5.860000000000014,-1.8598,-53.129999999999995,-0.6199000000000012,-54.44,-0.1999999999999993,-12.449999999999989,0.48019999999999996,22.689999999999998,-0.04019999999999868,46.099999999999994,0.23240000000000194,9.579999999999984,-1.610199999999999,-51.10000000000001,-1.4695,-54.000000000000014,-0.22999999999999687,-12.880000000000024,-0.010199999999997544,0,-0.0022999999999999687,0,26.02
