,LR_RelativePx_begin,LR_RelativeV_begin,R_RelativePx_begin,R_RelativeV_begin,RR_RelativePx_begin,RR_RelativeV_begin,RF_RelativePx_begin,RF_RelativeV_begin,F_RelativePx_begin,F_RelativeV_begin,LF_RelativePx_begin,LF_RelativeV_begin,LR_RelativePx_end,LR_RelativeV_end,R_RelativePx_end,R_RelativeV_end,RR_RelativePx_end,RR_RelativeV_end,RF_RelativePx_end,RF_RelativeV_end,F_RelativePx_end,F_RelativeV_end,LF_RelativePx_end,LF_RelativeV_end,NumberOfChangingNeighbours,ego_Variation_orientation,LaneletChanging,ego_velocity_beginning
0,3.4099999999999966,-0.05999999999999872,55.24000000000001,-1.2600000000000016,73.54000000000002,-0.040099999999998914,-40.879999999999995,-1.9999000000000002,-46.74000000000001,-0.14010000000000034,-24.30000000000001,-0.18009999999999948,4.810000000000002,-0.7026000000000003,58.54999999999998,-1.7425999999999995,74.5,-0.5426000000000002,-36.52000000000001,-1.842600000000001,-46.099999999999994,-0.23240000000000194,-23.409999999999997,-0.2726000000000006,0,-0.011200000000000099,0,26.1601
