,LR_RelativePx_begin,LR_RelativeV_begin,R_RelativePx_begin,R_RelativeV_begin,RR_RelativePx_begin,RR_RelativeV_begin,RF_RelativePx_begin,RF_RelativeV_begin,F_RelativePx_begin,F_RelativeV_begin,LF_RelativePx_begin,LF_RelativeV_begin,LR_RelativePx_end,LR_RelativeV_end,R_RelativePx_end,R_RelativeV_end,RR_RelativePx_end,RR_RelativeV_end,RF_RelativePx_end,RF_RelativeV_end,F_RelativePx_end,F_RelativeV_end,LF_RelativePx_end,LF_RelativeV_end,NumberOfChangingNeighbours,ego_Variation_orientation,LaneletChanging,ego_velocity_beginning
0,0.75,0.09980000000000189,13.189999999999998,-0.44009999999999927,31.26000000000002,-0.48029999999999795,-13.509999999999991,0.7308000000000021,-26.25,0.28969999999999985,-24.639999999999986,-1.049999999999999,1.5600000000000023,-1.0298999999999996,14.340000000000003,-0.8697999999999997,32.06999999999999,-0.5396999999999981,-14.330000000000013,0.010000000000001563,-27.440000000000012,0.7099000000000011,-22.11,-1.1296999999999997,0,-0.0006999999999997009,0,16.2003
