,LR_RelativePx_begin,LR_RelativeV_begin,R_RelativePx_begin,R_RelativeV_begin,RR_RelativePx_begin,RR_RelativeV_begin,RF_RelativePx_begin,RF_RelativeV_begin,F_RelativePx_begin,F_RelativeV_begin,LF_RelativePx_begin,LF_RelativeV_begin,LR_RelativePx_end,LR_RelativeV_end,R_RelativePx_end,R_RelativeV_end,RR_RelativePx_end,RR_RelativeV_end,RF_RelativePx_end,RF_RelativeV_end,F_RelativePx_end,F_RelativeV_end,LF_RelativePx_end,LF_RelativeV_end,NumberOfChangingNeighbours,ego_Variation_orientation,LaneletChanging,ego_velocity_beginning
0,11.25,0.12980000000000125,23.78,0.7799999999999994,18.07000000000002,-0.04019999999999868,-26.69999999999999,1.1709000000000014,-13.189999999999998,0.44009999999999927,-12.439999999999998,0.5399000000000012,10.699999999999989,0.35050000000000026,22.649999999999977,0.41970000000000063,17.72999999999999,0.3301000000000016,-28.670000000000016,0.8798000000000012,-14.340000000000003,0.8697999999999997,-12.780000000000001,-0.1600999999999999,0,0.0026999999999999247,0,15.7602
