,LR_RelativePx_begin,LR_RelativeV_begin,R_RelativePx_begin,R_RelativeV_begin,RR_RelativePx_begin,RR_RelativeV_begin,RF_RelativePx_begin,RF_RelativeV_begin,F_RelativePx_begin,F_RelativeV_begin,LF_RelativePx_begin,LF_RelativeV_begin,LR_RelativePx_end,LR_RelativeV_end,R_RelativePx_end,R_RelativeV_end,RR_RelativePx_end,RR_RelativeV_end,RF_RelativePx_end,RF_RelativeV_end,F_RelativePx_end,F_RelativeV_end,LF_RelativePx_end,LF_RelativeV_end,NumberOfChangingNeighbours,ego_Variation_orientation,LaneletChanging,ego_velocity_beginning
0,25.149999999999977,2.329699999999999,30.579999999999984,0.15960000000000107,10.029999999999973,-0.4803999999999995,-70.86000000000001,-0.08039999999999914,-65.15000000000003,0.7397999999999989,-11.689999999999998,3.229700000000001,20.68999999999997,2.100200000000001,30.349999999999994,-0.16999999999999815,11.519999999999982,-1.0196999999999985,-70.80000000000001,-0.14949999999999797,-65.88000000000002,-0.059899999999998954,-17.659999999999997,2.650100000000002,0,0.005700000000000038,0,15.8004
