,LR_RelativePx_begin,LR_RelativeV_begin,R_RelativePx_begin,R_RelativeV_begin,RR_RelativePx_begin,RR_RelativeV_begin,RF_RelativePx_begin,RF_RelativeV_begin,F_RelativePx_begin,F_RelativeV_begin,LF_RelativePx_begin,LF_RelativeV_begin,LR_RelativePx_end,LR_RelativeV_end,R_RelativePx_end,R_RelativeV_end,RR_RelativePx_end,RR_RelativeV_end,RF_RelativePx_end,RF_RelativeV_end,F_RelativePx_end,F_RelativeV_end,LF_RelativePx_end,LF_RelativeV_end,NumberOfChangingNeighbours,ego_Variation_orientation,LaneletChanging,ego_velocity_beginning
0,1.6100000000000136,-1.3396999999999988,26.25,-0.28969999999999985,12.740000000000009,0.44110000000000227,-16.73999999999998,-0.05109999999999815,-40.30999999999999,-0.7899999999999991,-13.639999999999986,-1.1499999999999986,5.3300000000000125,-1.8396000000000008,27.440000000000012,-0.7099000000000011,13.11,-0.6998999999999995,-15.83999999999999,-0.7287999999999997,-40.08999999999999,0.7198999999999991,-11.679999999999993,-0.6600000000000001,0,0.0028999999999999027,0,16.49
