,LR_RelativePx_begin,LR_RelativeV_begin,R_RelativePx_begin,R_RelativeV_begin,RR_RelativePx_begin,RR_RelativeV_begin,RF_RelativePx_begin,RF_RelativeV_begin,F_RelativePx_begin,F_RelativeV_begin,LF_RelativePx_begin,LF_RelativeV_begin,LR_RelativePx_end,LR_RelativeV_end,R_RelativePx_end,R_RelativeV_end,RR_RelativePx_end,RR_RelativeV_end,RF_RelativePx_end,RF_RelativeV_end,F_RelativePx_end,F_RelativeV_end,LF_RelativePx_end,LF_RelativeV_end,NumberOfChangingNeighbours,ego_Variation_orientation,LaneletChanging,ego_velocity_beginning
0,1.1100000000000136,0.4599999999999991,27.52000000000001,0.8300000000000001,16.710000000000008,1.4000000000000004,-39.68000000000001,-0.11609999999999943,-15.139999999999986,0.37260000000000026,-16.72999999999999,-0.4599000000000011,0.5,-0.24019999999999975,26.26000000000002,0.2896000000000001,13.990000000000009,1.1296999999999997,-39.099999999999994,-0.6402999999999999,-16.389999999999986,0.5161000000000016,-15.369999999999976,-1.0205000000000002,0,0.006299999999999972,0,15.74
