,LR_RelativePx_begin,LR_RelativeV_begin,R_RelativePx_begin,R_RelativeV_begin,RR_RelativePx_begin,RR_RelativeV_begin,RF_RelativePx_begin,RF_RelativeV_begin,F_RelativePx_begin,F_RelativeV_begin,LF_RelativePx_begin,LF_RelativeV_begin,LR_RelativePx_end,LR_RelativeV_end,R_RelativePx_end,R_RelativeV_end,RR_RelativePx_end,RR_RelativeV_end,RF_RelativePx_end,RF_RelativeV_end,F_RelativePx_end,F_RelativeV_end,LF_RelativePx_end,LF_RelativeV_end,NumberOfChangingNeighbours,ego_Variation_orientation,LaneletChanging,ego_velocity_beginning
0,20.819999999999993,-0.4100999999999999,27.50999999999999,-1.459900000000001,17.22999999999999,-0.38019999999999854,-23.16000000000001,-1.430200000000001,-25.320000000000007,0.10000000000000142,-7.280000000000001,1.9197999999999986,19.779999999999994,1.490000000000002,29.729999999999997,-0.6199999999999974,18.199999999999996,-0.49939999999999785,-20.759999999999998,-0.8200000000000003,-25.870000000000005,0.6302000000000021,-11.11,2.2700999999999993,0,6.2768999999999995,0,17.3002
