,LR_RelativePx_begin,LR_RelativeV_begin,R_RelativePx_begin,R_RelativeV_begin,RR_RelativePx_begin,RR_RelativeV_begin,RF_RelativePx_begin,RF_RelativeV_begin,F_RelativePx_begin,F_RelativeV_begin,LF_RelativePx_begin,LF_RelativeV_begin,LR_RelativePx_end,LR_RelativeV_end,R_RelativePx_end,R_RelativeV_end,RR_RelativePx_end,RR_RelativeV_end,RF_RelativePx_end,RF_RelativeV_end,F_RelativePx_end,F_RelativeV_end,LF_RelativePx_end,LF_RelativeV_end,NumberOfChangingNeighbours,ego_Variation_orientation,LaneletChanging,ego_velocity_beginning
0,16.25,0.08739999999999881,15.139999999999986,-0.37260000000000026,31.849999999999994,1.0274,-24.54000000000002,-0.4886999999999997,-30.480000000000018,-2.3926,-1.5900000000000034,-0.8325000000000014,1.0200000000000102,-1.5366000000000017,16.389999999999986,-0.5161000000000016,30.379999999999995,0.6135999999999981,-22.710000000000008,-1.1564000000000014,-25.580000000000013,-1.9566000000000017,-14.539999999999992,-0.17650000000000077,2,-0.027000000000000135,0,16.1126
