,LR_RelativePx_begin,LR_RelativeV_begin,R_RelativePx_begin,R_RelativeV_begin,RR_RelativePx_begin,RR_RelativeV_begin,RF_RelativePx_begin,RF_RelativeV_begin,F_RelativePx_begin,F_RelativeV_begin,LF_RelativePx_begin,LF_RelativeV_begin,LR_RelativePx_end,LR_RelativeV_end,R_RelativePx_end,R_RelativeV_end,RR_RelativePx_end,RR_RelativeV_end,RF_RelativePx_end,RF_RelativeV_end,F_RelativePx_end,F_RelativeV_end,LF_RelativePx_end,LF_RelativeV_end,NumberOfChangingNeighbours,ego_Variation_orientation,LaneletChanging,ego_velocity_beginning
0,3.4600000000000364,0.18999999999999773,62.210000000000036,-0.7999000000000009,70.85000000000002,-0.7600000000000016,-10.71999999999997,-1.6799000000000017,-26.809999999999974,-0.620000000000001,-16.629999999999967,-1.3900000000000006,4.280000000000001,-0.5700000000000003,63.81,-0.9100000000000001,73.31,-1.3699000000000012,-7.400000000000006,-1.4399000000000015,-25.170000000000016,-0.9499999999999993,-13.920000000000016,-1.1598000000000006,0,0.0017999999999998018,0,17.51
