,LR_RelativePx_begin,LR_RelativeV_begin,R_RelativePx_begin,R_RelativeV_begin,RR_RelativePx_begin,RR_RelativeV_begin,RF_RelativePx_begin,RF_RelativeV_begin,F_RelativePx_begin,F_RelativeV_begin,LF_RelativePx_begin,LF_RelativeV_begin,LR_RelativePx_end,LR_RelativeV_end,R_RelativePx_end,R_RelativeV_end,RR_RelativePx_end,RR_RelativeV_end,RF_RelativePx_end,RF_RelativeV_end,F_RelativePx_end,F_RelativeV_end,LF_RelativePx_end,LF_RelativeV_end,NumberOfChangingNeighbours,ego_Variation_orientation,LaneletChanging,ego_velocity_beginning
0,14.610000000000014,1.5299999999999994,30.480000000000018,2.3926,5.939999999999998,1.9039000000000001,-7.239999999999981,2.510299999999999,-12.719999999999999,1.4501999999999988,-12.469999999999999,1.8102999999999998,11.04000000000002,1.780100000000001,25.580000000000013,1.9566000000000017,2.8700000000000045,0.8002000000000002,-11.939999999999984,2.0,-16.189999999999984,1.6000000000000014,-15.609999999999985,1.1301000000000005,0,0.0005999999999999339,0,13.72
