,LR_RelativePx_begin,LR_RelativeV_begin,R_RelativePx_begin,R_RelativeV_begin,RR_RelativePx_begin,RR_RelativeV_begin,RF_RelativePx_begin,RF_RelativeV_begin,F_RelativePx_begin,F_RelativeV_begin,LF_RelativePx_begin,LF_RelativeV_begin,LR_RelativePx_end,LR_RelativeV_end,R_RelativePx_end,R_RelativeV_end,RR_RelativePx_end,RR_RelativeV_end,RF_RelativePx_end,RF_RelativeV_end,F_RelativePx_end,F_RelativeV_end,LF_RelativePx_end,LF_RelativeV_end,NumberOfChangingNeighbours,ego_Variation_orientation,LaneletChanging,ego_velocity_beginning
0,0.799999999999983,-0.48989999999999867,12.719999999999999,0.3200000000000003,28.810000000000002,-0.7399000000000004,-10.810000000000002,0.5700000000000003,-27.52000000000001,-0.8300000000000001,-26.409999999999997,-0.370000000000001,1.079999999999984,0.12989999999999924,12.609999999999985,-0.22009999999999863,30.379999999999995,-0.7100000000000009,-12.27000000000001,0.8400999999999996,-26.26000000000002,-0.2896000000000001,-25.76000000000002,-0.5297999999999998,0,0.0024999999999999467,0,16.57
