,LR_RelativePx_begin,LR_RelativeV_begin,R_RelativePx_begin,R_RelativeV_begin,RR_RelativePx_begin,RR_RelativeV_begin,RF_RelativePx_begin,RF_RelativeV_begin,F_RelativePx_begin,F_RelativeV_begin,LF_RelativePx_begin,LF_RelativeV_begin,LR_RelativePx_end,LR_RelativeV_end,R_RelativePx_end,R_RelativeV_end,RR_RelativePx_end,RR_RelativeV_end,RF_RelativePx_end,RF_RelativeV_end,F_RelativePx_end,F_RelativeV_end,LF_RelativePx_end,LF_RelativeV_end,NumberOfChangingNeighbours,ego_Variation_orientation,LaneletChanging,ego_velocity_beginning
0,20.629999999999995,-0.3099999999999987,20.379999999999995,-0.6700999999999997,8.189999999999998,0.2898999999999994,-10.280000000000001,1.0797000000000025,-27.50999999999999,1.459900000000001,-6.689999999999998,1.0498000000000012,22.290000000000006,-1.129900000000001,21.710000000000008,-0.6600000000000001,8.189999999999998,-0.08970000000000056,-11.530000000000001,0.1205999999999996,-29.729999999999997,0.6199999999999974,-9.950000000000003,2.1099999999999994,0,-0.0045000000000001705,0,15.8403
